0.00006066,0.00006066,0.00006066,1.2416897599440562
0.00811095,0.00811095,0.00811095,1.214942849568475
0.00158884,0.00158884,0.00158884,1.2397550119558238
0.00045512,0.00045512,0.00045512,1.235694431060586
0.00814651,0.00814651,0.00814651,1.2554900970740064
0.00029417,0.00029417,0.00029417,1.2316486104630051
0.00616031,0.00616031,0.00616031,1.2408607266158658
0.04099666,0.04099666,0.04099666,1.2258645150825955
0.00493662,0.00493662,0.00493662,1.2171221180619523
0.00170848,0.00170848,0.00170848,1.2370996793110258
0.09991570,0.09991570,0.09991570,1.251380191382175
0.00281551,0.00281551,0.00281551,1.2267122527335754
0.00015254,0.00015254,0.00015254,1.2412431565016082
0.00005002,0.00005002,0.00005002,1.2299961653299643
0.20296270,0.20296270,0.20296270,1.1730930721132786
0.01014161,0.01014161,0.01014161,1.2121872375860858
0.00004114,0.00004114,0.00004114,1.2402373907214137
0.93233012,0.93233012,0.93233012,1.1785488502405872
0.00010230,0.00010230,0.00010230,1.259358362794842
0.22634349,0.22634349,0.22634349,1.2229129614278211
0.00190253,0.00190253,0.00190253,1.2365415577884356
0.00440941,0.00440941,0.00440941,1.2522338547580734
0.00000218,0.00000218,0.00000218,1.2387061466316591
0.00937366,0.00937366,0.00937366,1.252754996683135
0.00001109,0.00001109,0.00001109,1.254672510215642
0.00016407,0.00016407,0.00016407,1.2413199361828737
0.00030176,0.00030176,0.00030176,1.2609947831905663
0.00020301,0.00020301,0.00020301,1.2420766246184687
0.00268389,0.00268389,0.00268389,1.233345826421018
0.00001818,0.00001818,0.00001818,1.2510627089568502
0.01329246,0.01329246,0.01329246,1.2315688732079835
0.00008484,0.00008484,0.00008484,1.2342566315689316
0.00853188,0.00853188,0.00853188,1.2110695408755636
0.02574781,0.02574781,0.02574781,1.2210289150425668
0.00075827,0.00075827,0.00075827,1.2431833047116183
0.00039398,0.00039398,0.00039398,1.2180237703770607
0.62830662,0.62830662,0.62830662,1.144249946652024
0.00039713,0.00039713,0.00039713,1.2303401015545061
0.00052936,0.00052936,0.00052936,1.238537621062447
0.00555751,0.00555751,0.00555751,1.2316448173943266
0.00428672,0.00428672,0.00428672,1.2612806229358704
0.04576824,0.04576824,0.04576824,1.2366935337795861
0.00650375,0.00650375,0.00650375,1.2400590762554087
0.00408679,0.00408679,0.00408679,0.004086786450216122
0.02742980,0.02742980,0.02742980,1.2294966909410796
0.00105958,0.00105958,0.00105958,1.2288442426831612
0.00026520,0.00026520,0.00026520,1.2571678560837816
0.00037452,0.00037452,0.00037452,1.2560801452986288
0.00269430,0.00269430,0.00269430,1.239452888800633
0.00001746,0.00001746,0.00001746,1.2335540964914846
0.00220139,0.00220139,0.00220139,1.252171157771635
0.03528187,0.03528187,0.03528187,1.2403752785865014
0.00375957,0.00375957,0.00375957,1.2424513087627698
0.00391416,0.00391416,0.00391416,1.2547719298009992
0.00005482,0.00005482,0.00005482,1.2582503926455475
0.00114542,0.00114542,0.00114542,1.2282166676181696
0.00343217,0.00343217,0.00343217,1.2129468056175083
0.00352464,0.00352464,0.00352464,1.2495930348067013
0.00001485,0.00001485,0.00001485,1.2455450676921087
0.03349727,0.03349727,0.03349727,1.2501127931786418
0.47633752,0.47633752,0.47633752,1.2210891698588675
0.14250684,0.14250684,0.14250684,1.1908285796925075
0.00279199,0.00279199,0.00279199,1.2050603671737783
0.13250187,0.13250187,0.13250187,1.26214480970308
0.17543656,0.17543656,0.17543656,1.2360490413694136
0.00013448,0.00013448,0.00013448,1.259340952926593
0.00000061,0.00000061,0.00000061,6.095756295865833e-07
0.00046388,0.00046388,0.00046388,1.2464598505211562
0.00000025,0.00000025,0.00000025,2.5485598055698067e-07
0.00002332,0.00002332,0.00002332,1.2412389673011825
0.23866075,0.23866075,0.23866075,1.1779084005704354
0.17613164,0.17613164,0.17613164,1.2049032934828936
0.00250732,0.00250732,0.00250732,1.2181556942188183
0.00209157,0.00209157,0.00209157,1.2243053545824367
0.00009216,0.00009216,0.00009216,1.2226971381476235
0.13008858,0.13008858,0.13008858,1.2117038977161927
0.18563472,0.18563472,0.18563472,1.2299768299450071
0.00093150,0.00093150,0.00093150,1.2322024254694637
0.12805271,0.12805271,0.12805271,1.1859649747446297
0.02746291,0.02746291,0.02746291,1.2421144945914113
0.00010063,0.00010063,0.00010063,1.2512960428727407
0.00347853,0.00347853,0.00347853,1.2361894577254213
0.10285272,0.10285272,0.10285272,1.1284762792871048
0.00000426,0.00000426,0.00000426,1.2607689708229946
0.00126421,0.00126421,0.00126421,1.2299049384406227
0.12607361,0.12607361,0.12607361,1.236027841036599
0.00003008,0.00003008,0.00003008,1.2486479100680878
0.00023668,0.00023668,0.00023668,1.2430137276985063
0.00002257,0.00002257,0.00002257,1.232497417766287
0.00000717,0.00000717,0.00000717,1.2467851560618948
0.00470278,0.00470278,0.00470278,1.2426651587185613
0.00100358,0.00100358,0.00100358,1.2044276807252356
0.00836242,0.00836242,0.00836242,1.2577225968900425
0.79120002,0.79120002,0.79120002,1.1754250515034512
0.22917293,0.22917293,0.22917293,1.168102191263667
0.02262115,0.02262115,0.02262115,1.2268073048769574
0.00024250,0.00024250,0.00024250,1.2049368662521858
0.00148029,0.00148029,0.00148029,1.2483364457749666
0.00017021,0.00017021,0.00017021,1.2415224563141665
0.00003483,0.00003483,0.00003483,1.1982544699606106
0.00005436,0.00005436,0.00005436,1.2545657644802446
0.25612084,0.25612084,0.25612084,1.1951995599921952
0.00166960,0.00166960,0.00166960,1.2212485904033195
0.05718512,0.05718512,0.05718512,1.2321627230743264
0.00434885,0.00434885,0.00434885,1.2463896851086083
0.03819081,0.03819081,0.03819081,1.229387889191813
0.00252237,0.00252237,0.00252237,1.2471999235340436
0.09645789,0.09645789,0.09645789,1.1129922621036905
0.15087045,0.15087045,0.15087045,1.1789652058335063
0.00124300,0.00124300,0.00124300,1.2205875224115859
0.00019925,0.00019925,0.00019925,1.229809530334036
0.00934692,0.00934692,0.00934692,1.2233117889767406
0.49194749,0.49194749,0.49194749,1.2564137240668432
0.01414288,0.01414288,0.01414288,1.2638743169354376
0.00011552,0.00011552,0.00011552,1.263378609581746
0.12107818,0.12107818,0.12107818,1.230854308180399
0.33001742,0.33001742,0.33001742,1.1892393941271577
0.00042425,0.00042425,0.00042425,1.1826128741370676
0.47917249,0.47917249,0.47917249,1.2460099911659808
0.02462316,0.02462316,0.02462316,1.2272050167774016
0.00013289,0.00013289,0.00013289,1.252082861737029
0.37911655,0.37911655,0.37911655,1.2308667614461166
0.61912131,0.61912131,0.61912131,1.2336071337859906
0.08984080,0.08984080,0.08984080,1.2517336513565807
0.00002724,0.00002724,0.00002724,1.239770829725017
0.00582152,0.00582152,0.00582152,1.1088301291604221
0.00002139,0.00002139,0.00002139,1.2256220665051938
0.00011216,0.00011216,0.00011216,1.2390800021219266
0.00018289,0.00018289,0.00018289,1.233752095566379
0.00002537,0.00002537,0.00002537,1.226057608631274
0.04197865,0.04197865,0.04197865,1.2025269907975344
0.00076603,0.00076603,0.00076603,1.0934906256984935
0.00013271,0.00013271,0.00013271,1.2165032011571537
0.00163634,0.00163634,0.00163634,1.243236886490719
0.00092201,0.00092201,0.00092201,1.2288547869761837
0.00001259,0.00001259,0.00001259,1.2506421502413412
0.09846981,0.09846981,0.09846981,1.2602683326757955
0.00940851,0.00940851,0.00940851,1.2403355404669965
0.00000007,0.00000007,0.00000007,6.668863122558154e-08
0.06170852,0.06170852,0.06170852,1.1922915492245334
0.00004543,0.00004543,0.00004543,1.2208634247756902
0.00298332,0.00298332,0.00298332,1.2071747271308988
0.00142227,0.00142227,0.00142227,1.2251502076636562
0.00401988,0.00401988,0.00401988,1.261988421359328
0.00004591,0.00004591,0.00004591,1.2363317785844794
0.00064862,0.00064862,0.00064862,1.245269147447026
0.03086235,0.03086235,0.03086235,1.2415309274805864
0.00000352,0.00000352,0.00000352,1.24914577298
0.00366046,0.00366046,0.00366046,1.2293572360431853
0.00387664,0.00387664,0.00387664,1.230081389426521
0.00000072,0.00000072,0.00000072,7.225114573658216e-07
0.00025445,0.00025445,0.00025445,1.253445898575657
0.01259098,0.01259098,0.01259098,1.2484216363335947
0.03619138,0.03619138,0.03619138,1.2171383896414403
0.08484960,0.08484960,0.08484960,1.2585194550048886
0.00014124,0.00014124,0.00014124,1.256271274889362
0.00001040,0.00001040,0.00001040,1.251012059583776
0.00000002,0.00000002,0.00000002,1.8160409062289565e-08
0.00008890,0.00008890,0.00008890,1.2626714397647527
0.00011773,0.00011773,0.00011773,1.2545150004724155
0.00041169,0.00041169,0.00041169,1.2234302175674616
0.00185924,0.00185924,0.00185924,1.2619325948401596
0.02300984,0.02300984,0.02300984,1.2524796497333495
0.00010469,0.00010469,0.00010469,1.216933874191861
0.00034318,0.00034318,0.00034318,1.2620634784658635
0.00059282,0.00059282,0.00059282,1.263040948152584
0.08790827,0.08790827,0.08790827,1.20702370350711
0.02096778,0.02096778,0.02096778,1.2031435544298688
0.00287917,0.00287917,0.00287917,1.2320502956102293
0.00625313,0.00625313,0.00625313,1.2169219020284754
0.37014181,0.37014181,0.37014181,1.2154113549919998
0.00039099,0.00039099,0.00039099,1.2446944435959788
0.06019805,0.06019805,0.06019805,0.6913558310428842
0.00002618,0.00002618,0.00002618,1.2327010356175263
0.00647531,0.00647531,0.00647531,1.1971004884874428
0.00037912,0.00037912,0.00037912,1.2278323135450422
0.01770693,0.01770693,0.01770693,1.220816417978612
0.01173145,0.01173145,0.01173145,1.2332821847939501
0.00005174,0.00005174,0.00005174,1.2380234896941609
0.07290867,0.07290867,0.07290867,0.897827887762237
0.08161777,0.08161777,0.08161777,1.2415759545412144
0.00410322,0.00410322,0.00410322,1.2101292073304595
0.00201311,0.00201311,0.00201311,1.1822447979357251
0.00000149,0.00000149,0.00000149,1.4886169874236314e-06
0.03380045,0.03380045,0.03380045,1.243231747869804
0.00306001,0.00306001,0.00306001,1.2131063238450739
0.07355923,0.07355923,0.07355923,1.2390493121719905
0.00070142,0.00070142,0.00070142,1.2495686546772216
0.46230001,0.46230001,0.46230001,1.2355253191972637
0.00093417,0.00093417,0.00093417,1.238744068460698
0.62179948,0.62179948,0.62179948,1.2332277981754436
0.00242925,0.00242925,0.00242925,1.226386099388312
0.00007010,0.00007010,0.00007010,1.233567564176335
0.00269245,0.00269245,0.00269245,1.2589248973813465
0.04168403,0.04168403,0.04168403,1.2231025376121514
0.00379383,0.00379383,0.00379383,1.2222504288357796
0.00006402,0.00006402,0.00006402,1.2446466833524956
0.00062600,0.00062600,0.00062600,1.2457365485354572
0.00055911,0.00055911,0.00055911,1.2331512782967318
0.00078774,0.00078774,0.00078774,1.2498536654661543
0.00113938,0.00113938,0.00113938,1.2348276679345973
0.00090555,0.00090555,0.00090555,1.2164194012545446
0.03070604,0.03070604,0.03070604,1.19927803186183
0.00003210,0.00003210,0.00003210,1.2407819037587677
0.01198851,0.01198851,0.01198851,1.2250656472924955
0.10254707,0.10254707,0.10254707,1.2471867783715778
0.36526445,0.36526445,0.36526445,1.209321788846462
0.06621748,0.06621748,0.06621748,1.2185917920599785
0.00035844,0.00035844,0.00035844,1.2153246571313447
0.04531570,0.04531570,0.04531570,1.188280500237484
0.00657254,0.00657254,0.00657254,1.246321369538751
0.00000021,0.00000021,0.00000021,2.057951847196907e-07
0.50949008,0.50949008,0.50949008,1.1250348694899204
0.00213552,0.00213552,0.00213552,1.2423828410967546
0.02903158,0.02903158,0.02903158,1.2200325199107371
0.01770230,0.01770230,0.01770230,1.232192567398053
0.04516834,0.04516834,0.04516834,1.228821440915391
0.00270247,0.00270247,0.00270247,1.2342575959682751
0.00005127,0.00005127,0.00005127,1.2336763100626176
0.00977360,0.00977360,0.00977360,1.2525291626599795
0.10221685,0.10221685,0.10221685,1.2100437126382466
0.02497066,0.02497066,0.02497066,0.8541870087868426
0.02237812,0.02237812,0.02237812,1.263565027907919
0.00015652,0.00015652,0.00015652,1.23726485872375
0.00187889,0.00187889,0.00187889,1.2377673557865536
0.12920508,0.12920508,0.12920508,1.2251438381476307
0.00050803,0.00050803,0.00050803,1.232264433529787
0.23858588,0.23858588,0.23858588,1.2042239334498863
0.03518005,0.03518005,0.03518005,1.2250901940770138
0.03108610,0.03108610,0.03108610,1.2219049449458494
0.00329396,0.00329396,0.00329396,1.2198158564947483
0.00573276,0.00573276,0.00573276,1.2343002951781534
0.00000109,0.00000109,0.00000109,1.0912151992032877e-06
0.00003184,0.00003184,0.00003184,1.219668552636747
0.00030047,0.00030047,0.00030047,1.214915830995523
0.01845035,0.01845035,0.01845035,0.8708013627149863
0.05517867,0.05517867,0.05517867,1.1827600954677635
0.38670224,0.38670224,0.38670224,1.2273524101836566
0.42585421,0.42585421,0.42585421,1.1887574318165033
0.00032884,0.00032884,0.00032884,1.2512351902714516
0.00000482,0.00000482,0.00000482,1.2557895084058466
0.11198674,0.11198674,0.11198674,1.2024517090767528
0.02956113,0.02956113,0.02956113,1.250830430570394
0.06706077,0.06706077,0.06706077,1.2465076155985213
0.00023272,0.00023272,0.00023272,1.224981178100651
0.00019215,0.00019215,0.00019215,1.224982858742157
0.00011606,0.00011606,0.00011606,1.236092898811703
0.05390875,0.05390875,0.05390875,1.2048623524489084
0.04979467,0.04979467,0.04979467,1.1887443730886365
0.73835252,0.73835252,0.73835252,1.2204834063503949
0.00004160,0.00004160,0.00004160,1.2485123539046348
0.00067409,0.00067409,0.00067409,1.2002965809843615
0.00070519,0.00070519,0.00070519,1.226437707627344
0.00000006,0.00000006,0.00000006,5.656079650559971e-08
0.00035393,0.00035393,0.00035393,1.2320796349048466
0.65240036,0.65240036,0.65240036,1.1944218222106815
0.00010508,0.00010508,0.00010508,1.2183902825833641
0.42186090,0.42186090,0.42186090,1.1955081226118849
0.00003358,0.00003358,0.00003358,1.2303201831885373
0.14622065,0.14622065,0.14622065,1.2264124650654997
0.00059934,0.00059934,0.00059934,1.2517705971190844
0.00411731,0.00411731,0.00411731,1.2332540183114744
0.00542896,0.00542896,0.00542896,1.2472719207034102
0.00007140,0.00007140,0.00007140,1.2225349590603636
0.00240359,0.00240359,0.00240359,1.222422181460671
0.05034672,0.05034672,0.05034672,1.2130827087438993
0.05269750,0.05269750,0.05269750,1.255285248629394
0.00006331,0.00006331,0.00006331,1.2332504810898222
0.02067776,0.02067776,0.02067776,1.2595083406742884
0.05505550,0.05505550,0.05505550,1.21778969028467
0.00005606,0.00005606,0.00005606,1.2220409981836766
0.03804300,0.03804300,0.03804300,1.1927494695406713
0.00052500,0.00052500,0.00052500,1.2214070551926577
0.32034456,0.32034456,0.32034456,1.2028246224588792
0.00165202,0.00165202,0.00165202,1.25202901602937
0.00893135,0.00893135,0.00893135,1.222864625959807
0.00028059,0.00028059,0.00028059,1.2044413046627374
0.00398541,0.00398541,0.00398541,1.2398732175043607
0.00171921,0.00171921,0.00171921,1.2547879858452808
0.01217795,0.01217795,0.01217795,1.2440145432045633
0.01732158,0.01732158,0.01732158,1.2367666281410192
0.06101341,0.06101341,0.06101341,1.2040710371537182
0.01045770,0.01045770,0.01045770,1.2197953720822379
0.00294266,0.00294266,0.00294266,1.215267902396141
0.00131016,0.00131016,0.00131016,1.2440415275265344
0.00062869,0.00062869,0.00062869,1.2551414407705914
0.00000095,0.00000095,0.00000095,9.451363876221783e-07
0.00143881,0.00143881,0.00143881,1.2482999411210742
0.00232256,0.00232256,0.00232256,1.22338674813518
0.11183836,0.11183836,0.11183836,1.099587258056983
0.36309595,0.36309595,0.36309595,1.2508613272469622
0.06832228,0.06832228,0.06832228,1.2213951878941849
0.00000727,0.00000727,0.00000727,1.22114952985953
0.75323962,0.75323962,0.75323962,1.21674344641923
0.00981386,0.00981386,0.00981386,1.2413709370184172
0.01194656,0.01194656,0.01194656,1.2336630726388194
0.01508249,0.01508249,0.01508249,1.211104107802453
0.04039319,0.04039319,0.04039319,1.207218691966521
0.00013342,0.00013342,0.00013342,1.258156899032025
0.00013331,0.00013331,0.00013331,1.2215069641650342
0.00007477,0.00007477,0.00007477,1.223474584509608
0.00022643,0.00022643,0.00022643,1.2429961796970015
0.00038859,0.00038859,0.00038859,1.242537090062475
0.25543886,0.25543886,0.25543886,1.239029157217551
0.00004168,0.00004168,0.00004168,1.2151258023793599
0.00503685,0.00503685,0.00503685,1.21269373819251
0.00171405,0.00171405,0.00171405,1.237742997116887
0.00212190,0.00212190,0.00212190,1.2440156347580689
0.24484018,0.24484018,0.24484018,1.217338308398566
0.00011642,0.00011642,0.00011642,1.2204724227820039
0.00438753,0.00438753,0.00438753,1.2269557363879164
0.00000627,0.00000627,0.00000627,1.2323318052368897
1.00558583,1.00558583,1.00558583,1.2356739641521757
0.16802188,0.16802188,0.16802188,1.2580044730217066
0.05474637,0.05474637,0.05474637,1.217065243556872
0.00017969,0.00017969,0.00017969,1.238880745693445
0.01615251,0.01615251,0.01615251,1.2172163630877582
0.00004153,0.00004153,0.00004153,1.2314604665008735
0.00004062,0.00004062,0.00004062,1.23518376080055
0.01687093,0.01687093,0.01687093,1.1848003848432433
0.00002058,0.00002058,0.00002058,1.239510945745967
0.00217647,0.00217647,0.00217647,1.1920232826111263
0.00001871,0.00001871,0.00001871,1.2246061105629509
0.00154910,0.00154910,0.00154910,1.212769294793513
0.20083816,0.20083816,0.20083816,1.2194920054284883
0.00099553,0.00099553,0.00099553,1.230515073880316
0.07818102,0.07818102,0.07818102,1.2378102324301343
0.02361147,0.02361147,0.02361147,1.2228370199409049
0.23149481,0.23149481,0.23149481,1.2517105113662144
0.00008873,0.00008873,0.00008873,1.2224909349180002
0.00015536,0.00015536,0.00015536,1.236787106365563
0.18631063,0.18631063,0.18631063,1.228440470685189
0.00010812,0.00010812,0.00010812,1.2071413655106435
0.00868549,0.00868549,0.00868549,1.249905865663672
0.01016654,0.01016654,0.01016654,1.192921360473625
0.00106252,0.00106252,0.00106252,1.2380698700571928
0.29294505,0.29294505,0.29294505,1.188536300723982
0.00332185,0.00332185,0.00332185,1.2336049536755147
0.00000422,0.00000422,0.00000422,1.224781552059286
0.00684205,0.00684205,0.00684205,1.2390947856564365
0.00398999,0.00398999,0.00398999,1.2253767501298878
0.00390319,0.00390319,0.00390319,1.0654654734695266
0.00003708,0.00003708,0.00003708,1.2110920504348976
0.01346066,0.01346066,0.01346066,1.2454499019841943
0.45472783,0.45472783,0.45472783,1.2239640577272075
0.00082498,0.00082498,0.00082498,1.2593421096005712
0.00003896,0.00003896,0.00003896,1.2459503195911987
0.01680042,0.01680042,0.01680042,1.1910756792127029
0.00007281,0.00007281,0.00007281,1.2185804422045914
0.00454712,0.00454712,0.00454712,1.2432744156615698
0.24433837,0.24433837,0.24433837,1.2335457435923805
0.00615095,0.00615095,0.00615095,1.1955621026459646
0.02116109,0.02116109,0.02116109,1.2394909946386674
0.00085700,0.00085700,0.00085700,1.2277257139832911
0.00530023,0.00530023,0.00530023,1.2111601495612336
0.00364780,0.00364780,0.00364780,1.2087253283535073
0.10845319,0.10845319,0.10845319,1.2463756353582518
0.07428367,0.07428367,0.07428367,1.2404410217811062
0.00280601,0.00280601,0.00280601,1.2593814694210448
0.00000005,0.00000005,0.00000005,5.286886898405388e-08
0.07798313,0.07798313,0.07798313,1.2647651423347348
0.00011166,0.00011166,0.00011166,1.2297635448362954
0.00001551,0.00001551,0.00001551,1.2394885241912181
0.00090219,0.00090219,0.00090219,1.2648799136916045
0.00213896,0.00213896,0.00213896,1.240352622268538
0.00005027,0.00005027,0.00005027,7.385831581502854e-05
0.00278902,0.00278902,0.00278902,1.2336605375812255
0.00000053,0.00000053,0.00000053,5.309557470658273e-07
0.00004287,0.00004287,0.00004287,1.2303363398166445
0.34149022,0.34149022,0.34149022,1.2113030515954168
0.06234343,0.06234343,0.06234343,1.2141398597778439
0.00035723,0.00035723,0.00035723,1.2444040798630052
0.15258758,0.15258758,0.15258758,1.2211745363838646
0.00029484,0.00029484,0.00029484,1.2347556784793379
0.08291802,0.08291802,0.08291802,1.2566397057967165
0.00004071,0.00004071,0.00004071,1.2447097606007402
0.00025419,0.00025419,0.00025419,1.2317621603245565
0.05948969,0.05948969,0.05948969,1.2310816232235302
0.00017170,0.00017170,0.00017170,1.1984291481103162
0.00012045,0.00012045,0.00012045,1.2285871007970552
0.00089589,0.00089589,0.00089589,1.2232951523198614
0.00031705,0.00031705,0.00031705,1.2583150710062665
0.00106198,0.00106198,0.00106198,1.2545431433097027
0.01403987,0.01403987,0.01403987,1.2502485902039595
0.05099102,0.05099102,0.05099102,0.7498003061782339
0.00073625,0.00073625,0.00073625,1.2201597902373944
0.80178879,0.80178879,0.80178879,1.2380074397124432
0.30008210,0.30008210,0.30008210,1.2314250123876205
0.00403849,0.00403849,0.00403849,1.2598188477810361
0.21765370,0.21765370,0.21765370,1.1721574861152801
0.00106895,0.00106895,0.00106895,1.2449056079927712
0.00251790,0.00251790,0.00251790,1.2230620513437704
0.00195877,0.00195877,0.00195877,1.2249999300243262
0.00000002,0.00000002,0.00000002,2.437747008552189e-08
0.03386053,0.03386053,0.03386053,1.2046343213095068
0.00000386,0.00000386,0.00000386,1.2382345049856407
0.07561880,0.07561880,0.07561880,1.2387092375033955
0.00106493,0.00106493,0.00106493,1.2342405806709247
0.00003687,0.00003687,0.00003687,1.2270125034955657
0.04737370,0.04737370,0.04737370,1.2318140749729676
0.00500151,0.00500151,0.00500151,1.236039825768859
0.00010121,0.00010121,0.00010121,1.2304821271625135
0.12727944,0.12727944,0.12727944,1.2554579970401096
0.29121711,0.29121711,0.29121711,1.2016409699712476
0.01258927,0.01258927,0.01258927,1.223488784745154
0.00053083,0.00053083,0.00053083,1.2234788700261863
0.00942266,0.00942266,0.00942266,1.2389128590768028
0.31019537,0.31019537,0.31019537,1.2469537933404073
0.03765482,0.03765482,0.03765482,1.230352155633443
0.00006687,0.00006687,0.00006687,1.2219279932204863
0.01091085,0.01091085,0.01091085,1.2565557728522183
0.08842042,0.08842042,0.08842042,1.2556973818346142
0.00020297,0.00020297,0.00020297,1.2175023959759297
0.03000697,0.03000697,0.03000697,1.1665377119132856
0.14805363,0.14805363,0.14805363,1.2256653474932095
0.00150365,0.00150365,0.00150365,1.252349123583887
0.00646789,0.00646789,0.00646789,1.2190722218582364
0.05105313,0.05105313,0.05105313,1.2588482837054482
0.00067485,0.00067485,0.00067485,1.2246172682498597
0.00023031,0.00023031,0.00023031,1.2397445960861992
0.00770796,0.00770796,0.00770796,1.2323928941500555
0.00000081,0.00000081,0.00000081,8.13920164373268e-07
0.00068798,0.00068798,0.00068798,1.2512843205638502
0.00001586,0.00001586,0.00001586,1.244480795571651
0.18622859,0.18622859,0.18622859,1.2493200924249763
0.27334918,0.27334918,0.27334918,1.208964049026718
0.02237317,0.02237317,0.02237317,1.210269790225743
0.41368624,0.41368624,0.41368624,1.2478311317079382
0.15673271,0.15673271,0.15673271,1.211252741126697
0.00000001,0.00000001,0.00000001,1.258195720159232e-08
0.01991133,0.01991133,0.01991133,1.1574919093221492
0.00013225,0.00013225,0.00013225,1.210014183046178
0.00209061,0.00209061,0.00209061,1.2225936140922073
0.00013304,0.00013304,0.00013304,1.228050741683369
0.36196806,0.36196806,0.36196806,1.195198754576582
0.18866404,0.18866404,0.18866404,1.2348479359597568
0.00234038,0.00234038,0.00234038,1.224444889306575
0.00567502,0.00567502,0.00567502,1.2412014468918184
0.12142032,0.12142032,0.12142032,1.216058936908466
0.00002267,0.00002267,0.00002267,1.2412618488002416
0.00037795,0.00037795,0.00037795,1.2427236421426913
0.00002583,0.00002583,0.00002583,1.2457619082464617
0.03329721,0.03329721,0.03329721,1.1786834885105488
0.58578650,0.58578650,0.58578650,1.202924093246217
0.00407861,0.00407861,0.00407861,1.260837815070261
0.02137784,0.02137784,0.02137784,1.16546874754252
0.05638613,0.05638613,0.05638613,1.1912662115034178
0.00527670,0.00527670,0.00527670,1.1732790434601055
0.02850806,0.02850806,0.02850806,1.252579445000474
0.01457807,0.01457807,0.01457807,1.2301563349474456
0.00027512,0.00027512,0.00027512,1.2492977114670742
0.00245685,0.00245685,0.00245685,1.2421196038720774
0.02838456,0.02838456,0.02838456,1.1163913027757164
0.00008999,0.00008999,0.00008999,1.2614037738149695
0.00007013,0.00007013,0.00007013,1.2341671112428676
0.00576766,0.00576766,0.00576766,1.211474519092888
0.37146440,0.37146440,0.37146440,1.2173848066926598
0.00017353,0.00017353,0.00017353,1.2509040518291425
0.00271696,0.00271696,0.00271696,1.2153366146653861
0.00002089,0.00002089,0.00002089,1.2375845404385728
0.00222278,0.00222278,0.00222278,1.2539938470843723
0.00015639,0.00015639,0.00015639,1.255441176977413
0.01176442,0.01176442,0.01176442,1.2397582910373346
0.02305899,0.02305899,0.02305899,1.26220933055072
0.05582067,0.05582067,0.05582067,1.2252341112369802
0.08153823,0.08153823,0.08153823,1.2218416476642062
0.00023157,0.00023157,0.00023157,1.2288782611318436
0.30588455,0.30588455,0.30588455,1.2189509796928548
0.00118275,0.00118275,0.00118275,1.2201678547219657
0.07121877,0.07121877,0.07121877,1.2239144365849914
0.00000000,0.00000000,0.00000000,8.878048956976232e-10
0.00001206,0.00001206,0.00001206,1.842123058424925e-05
0.00305039,0.00305039,0.00305039,1.2216869009836788
0.04017517,0.04017517,0.04017517,1.2547867685627467
0.02088304,0.02088304,0.02088304,1.2374660606673447
0.01919531,0.01919531,0.01919531,1.240956029777713
0.00000001,0.00000001,0.00000001,6.136068158563126e-09
0.00250714,0.00250714,0.00250714,1.2151200511258846
0.28208401,0.28208401,0.28208401,1.2220188208135956
0.00007643,0.00007643,0.00007643,1.2377479280853172
0.00928887,0.00928887,0.00928887,1.2094849916887385
0.00000039,0.00000039,0.00000039,3.9272802495304106e-07
0.00097304,0.00097304,0.00097304,1.2336122043734499
0.68530724,0.68530724,0.68530724,1.1856518593007035
0.27598871,0.27598871,0.27598871,1.208267999367882
0.00032924,0.00032924,0.00032924,1.2166358037644092
0.02637862,0.02637862,0.02637862,1.199060268181057
0.72991457,0.72991457,0.72991457,1.2441330277607974
0.00852311,0.00852311,0.00852311,1.2059881228693585
0.00021591,0.00021591,0.00021591,1.2363964625458093
0.02606116,0.02606116,0.02606116,1.2469700170617994
0.03954528,0.03954528,0.03954528,1.1980313544039953
0.01246158,0.01246158,0.01246158,1.2183254674553177
0.00007853,0.00007853,0.00007853,1.2475728517411686
0.00000692,0.00000692,0.00000692,1.2425710328832067
0.01233745,0.01233745,0.01233745,1.2581692935267839
0.06582559,0.06582559,0.06582559,1.2645267098597
0.02574689,0.02574689,0.02574689,1.2300286727852774
0.01104614,0.01104614,0.01104614,1.1961327591456525
0.00720528,0.00720528,0.00720528,1.2309354173997613
0.00014378,0.00014378,0.00014378,1.2341201893677798
0.00050227,0.00050227,0.00050227,1.2338554423740915
0.01163601,0.01163601,0.01163601,1.2206614006713152
0.04687926,0.04687926,0.04687926,1.2308726592949197
0.18305992,0.18305992,0.18305992,1.1857388258911408
0.00002841,0.00002841,0.00002841,1.2327861693395827
0.56546408,0.56546408,0.56546408,1.2387152553021408
0.03258736,0.03258736,0.03258736,1.2575606561213553
0.00128505,0.00128505,0.00128505,1.2433188946636213
0.00072897,0.00072897,0.00072897,1.2436447946882425
0.00143652,0.00143652,0.00143652,1.2513779868044874
0.18230793,0.18230793,0.18230793,1.1952610444775056
0.00019579,0.00019579,0.00019579,1.2440806912159346
0.12127770,0.12127770,0.12127770,1.257403680179813
0.00011432,0.00011432,0.00011432,1.2407182662226517
0.00001737,0.00001737,0.00001737,1.2280763898560592
0.00000769,0.00000769,0.00000769,1.2609579123144943
0.87398723,0.87398723,0.87398723,1.252735658118445
0.00001076,0.00001076,0.00001076,1.2556062844489038
0.10432633,0.10432633,0.10432633,1.239683981125393
0.00007114,0.00007114,0.00007114,1.2470528723656946
0.07529001,0.07529001,0.07529001,1.2077204387057348
0.00296230,0.00296230,0.00296230,1.2500685744703521
0.00021881,0.00021881,0.00021881,1.2391632817414577
0.05048959,0.05048959,0.05048959,1.205595728763876
0.69385257,0.69385257,0.69385257,1.2474759471099988
0.05311557,0.05311557,0.05311557,1.2462116673572794
0.00023067,0.00023067,0.00023067,1.2375836177017268
0.00888092,0.00888092,0.00888092,1.2617622118178637
0.00023854,0.00023854,0.00023854,1.2564067591338461
0.02368214,0.02368214,0.02368214,1.1912738522507214
0.00634890,0.00634890,0.00634890,1.2266227458163455
0.00052057,0.00052057,0.00052057,1.2390922856920819
0.00151177,0.00151177,0.00151177,1.2297376917413196
0.00504391,0.00504391,0.00504391,1.2435078715624037
0.00908087,0.00908087,0.00908087,1.2298818828421485
0.02068080,0.02068080,0.02068080,0.8670185604348182
0.01209857,0.01209857,0.01209857,1.2470406076311942
0.56178330,0.56178330,0.56178330,1.135477087159549
0.04008681,0.04008681,0.04008681,1.247992535887763
0.03343030,0.03343030,0.03343030,1.2513744740248742
0.00186836,0.00186836,0.00186836,1.2408176148704728
0.23178885,0.23178885,0.23178885,1.224416767825444
0.00038944,0.00038944,0.00038944,1.2238097772789869
0.28469625,0.28469625,0.28469625,1.2597126169651496
0.10732041,0.10732041,0.10732041,1.1407444530638553
0.00001676,0.00001676,0.00001676,1.219506071419155
0.00043484,0.00043484,0.00043484,1.2298331862924703
0.05424832,0.05424832,0.05424832,1.2060048062477322
0.00000051,0.00000051,0.00000051,5.093872443053563e-07
0.00000525,0.00000525,0.00000525,1.186974295565919
0.00553522,0.00553522,0.00553522,1.2305344760419805
0.02342920,0.02342920,0.02342920,0.8933626708924016
0.00021918,0.00021918,0.00021918,1.2382868170063321
0.65014738,0.65014738,0.65014738,1.1462362386982192
0.00316677,0.00316677,0.00316677,1.2354253936273734
0.00017664,0.00017664,0.00017664,1.2371084282107663
0.00174102,0.00174102,0.00174102,1.2435935804545553
0.00016536,0.00016536,0.00016536,1.2482394293878825
0.00393531,0.00393531,0.00393531,1.2097866497338048
0.00244406,0.00244406,0.00244406,1.26592774588899
0.00000037,0.00000037,0.00000037,3.6665923985863547e-07
0.00005657,0.00005657,0.00005657,1.24051568404691
0.01668960,0.01668960,0.01668960,1.2161231941532822
0.00061625,0.00061625,0.00061625,1.2399510817233008
0.00221513,0.00221513,0.00221513,1.2077971490730297
0.05170028,0.05170028,0.05170028,1.2498974415051856
0.29927942,0.29927942,0.29927942,1.2106805749353913
0.00498019,0.00498019,0.00498019,1.2291798363694741
0.00463046,0.00463046,0.00463046,1.229973856508064
0.00004216,0.00004216,0.00004216,1.254375221995438
0.08402186,0.08402186,0.08402186,1.01073959158986
0.00040303,0.00040303,0.00040303,1.2473302047637131
0.38252394,0.38252394,0.38252394,1.2251893418382347
0.00108574,0.00108574,0.00108574,1.2216499514545667
0.09725155,0.09725155,0.09725155,1.2053078993483444
0.11018447,0.11018447,0.11018447,1.1536201013153164
0.00011362,0.00011362,0.00011362,1.2491605421205798
0.00935159,0.00935159,0.00935159,1.2422511758621764
0.03617694,0.03617694,0.03617694,1.208869374888729
0.00638177,0.00638177,0.00638177,1.2597206281553828
0.00004087,0.00004087,0.00004087,1.2294368150239314
0.90163118,0.90163118,0.90163118,1.1590007867152128
0.00177559,0.00177559,0.00177559,1.225210636255702
0.00231644,0.00231644,0.00231644,1.2418920781549116
0.02680265,0.02680265,0.02680265,1.2219646022163102
0.00580647,0.00580647,0.00580647,1.1976886046401618
0.00026370,0.00026370,0.00026370,1.220857336749245
0.00765958,0.00765958,0.00765958,1.2481835525206217
0.02245197,0.02245197,0.02245197,1.18062079163641
0.00202194,0.00202194,0.00202194,1.2618030584124142
0.00000194,0.00000194,0.00000194,1.9449180436308406e-06
0.24858376,0.24858376,0.24858376,1.2030728695599364
0.02081739,0.02081739,0.02081739,1.2317701135851151
0.00000227,0.00000227,0.00000227,1.8196144057393757e-05
0.35324105,0.35324105,0.35324105,1.2225137303395943
0.00593377,0.00593377,0.00593377,1.1875562721256308
0.29460140,0.29460140,0.29460140,1.2261163972054943
0.12197452,0.12197452,0.12197452,1.2209958482150898
0.01854191,0.01854191,0.01854191,1.2367275368586332
0.00114887,0.00114887,0.00114887,1.2396197162748686
0.00168779,0.00168779,0.00168779,1.2350202422306524
0.00020162,0.00020162,0.00020162,1.220365128515131
0.13839596,0.13839596,0.13839596,1.2304491080458597
0.00000169,0.00000169,0.00000169,1.6897507077313976e-06
0.02688439,0.02688439,0.02688439,1.2355894421064038
0.09286302,0.09286302,0.09286302,1.2184036975924615
0.01845531,0.01845531,0.01845531,1.217078575959194
0.00044800,0.00044800,0.00044800,1.2343541318782876
0.07744500,0.07744500,0.07744500,1.256213791191137
0.02606945,0.02606945,0.02606945,1.2428577756068269
0.00148415,0.00148415,0.00148415,1.1658021422278826
0.00090854,0.00090854,0.00090854,1.2440513867964154
0.01178888,0.01178888,0.01178888,1.2271097221752587
0.06430937,0.06430937,0.06430937,1.2289114909062278
0.00014866,0.00014866,0.00014866,1.2294740716518293
0.00000049,0.00000049,0.00000049,4.888757342767809e-07
0.00471043,0.00471043,0.00471043,1.2249974305868174
0.00213789,0.00213789,0.00213789,1.2335711377591898
0.00000163,0.00000163,0.00000163,1.629104351131885e-06
0.00001579,0.00001579,0.00001579,1.215522986043299
0.01795402,0.01795402,0.01795402,1.2238172614149931
0.07102428,0.07102428,0.07102428,1.1833293167329257
0.42361191,0.42361191,0.42361191,1.1075978317672739
0.00183899,0.00183899,0.00183899,1.2423781220264112
0.00000071,0.00000071,0.00000071,7.085578012250519e-07
0.22262361,0.22262361,0.22262361,1.16493024602681
0.00247643,0.00247643,0.00247643,1.2575095766823505
0.12513610,0.12513610,0.12513610,1.2336959959440408
0.00006231,0.00006231,0.00006231,1.2274937856622903
0.00001584,0.00001584,0.00001584,1.2210805862676886
0.00778013,0.00778013,0.00778013,1.2566599357854644
0.00001029,0.00001029,0.00001029,1.2487576672731644
0.00220902,0.00220902,0.00220902,1.24031984477791
0.60616179,0.60616179,0.60616179,1.202623903907384
0.00769399,0.00769399,0.00769399,1.26062498148167
0.00002864,0.00002864,0.00002864,1.2243714111730786
0.00016311,0.00016311,0.00016311,1.2619461710071072
0.05495508,0.05495508,0.05495508,1.2158979343608238
0.00004594,0.00004594,0.00004594,1.2354989948833823
0.04727629,0.04727629,0.04727629,1.220100533788613
0.57205440,0.57205440,0.57205440,1.1453709298063373
0.00001591,0.00001591,0.00001591,1.2127788953004843
0.00002797,0.00002797,0.00002797,1.2435001328599695
0.00116750,0.00116750,0.00116750,1.2308919410319838
0.01519930,0.01519930,0.01519930,1.2216375259231504
0.01526228,0.01526228,0.01526228,1.2015217698616523
0.00003212,0.00003212,0.00003212,1.243922569350679
0.00557107,0.00557107,0.00557107,1.2172440622356715
0.00024590,0.00024590,0.00024590,1.2325406280716174
0.02744993,0.02744993,0.02744993,1.2373609523374745
0.10554457,0.10554457,0.10554457,1.0674082654422405
0.00000004,0.00000004,0.00000004,3.8917760845020014e-08
0.00000576,0.00000576,0.00000576,1.2092609049464964
0.02125203,0.02125203,0.02125203,1.2282703863986342
0.26535130,0.26535130,0.26535130,1.2052737107987355
0.03263157,0.03263157,0.03263157,1.1911531836187401
0.58250480,0.58250480,0.58250480,1.1164995810300142
0.02745767,0.02745767,0.02745767,1.1370144445419361
0.00000024,0.00000024,0.00000024,2.3855257257535823e-07
0.00056129,0.00056129,0.00056129,1.2263427027322373
0.00175171,0.00175171,0.00175171,1.2374403646709191
0.00004880,0.00004880,0.00004880,1.2591762747675068
0.18936450,0.18936450,0.18936450,1.2463826999567198
0.00729686,0.00729686,0.00729686,1.2480746833034704
0.00409177,0.00409177,0.00409177,1.2190268562621804
0.00008188,0.00008188,0.00008188,1.2461791379470806
0.01269259,0.01269259,0.01269259,1.2177518641342204
0.00088418,0.00088418,0.00088418,1.2000581341630985
0.00184332,0.00184332,0.00184332,1.245813426317635
0.00011430,0.00011430,0.00011430,1.2275868320926953
0.02497755,0.02497755,0.02497755,1.2309985840115785
0.00209230,0.00209230,0.00209230,1.2649520669766587
0.00465423,0.00465423,0.00465423,0.8005413111485947
0.00974018,0.00974018,0.00974018,1.233680564358163
0.00010609,0.00010609,0.00010609,1.2335855352222025
0.05668319,0.05668319,0.05668319,1.2589035770148302
0.00656886,0.00656886,0.00656886,1.2415577379556284
0.14608173,0.14608173,0.14608173,1.0796347962857227
0.02666518,0.02666518,0.02666518,1.2120843699432264
0.25567242,0.25567242,0.25567242,1.2090081592962338
0.00728822,0.00728822,0.00728822,1.0223823788298005
0.00008098,0.00008098,0.00008098,1.2511310128490105
0.01688181,0.01688181,0.01688181,1.247002292822058
0.00004436,0.00004436,0.00004436,1.2562207182726874
0.02183440,0.02183440,0.02183440,1.2467390643621785
0.00007211,0.00007211,0.00007211,1.2478887570745119
0.00009314,0.00009314,0.00009314,1.2428575437618496
0.00000319,0.00000319,0.00000319,1.179328344105436
0.12741464,0.12741464,0.12741464,1.1865566143659887
0.00561714,0.00561714,0.00561714,1.2402592689268808
0.00256920,0.00256920,0.00256920,1.1988256562772097
0.00036323,0.00036323,0.00036323,1.242209381254393
0.00045697,0.00045697,0.00045697,1.2498661035406924
0.00349312,0.00349312,0.00349312,1.2220374674989198
0.01863011,0.01863011,0.01863011,1.111232515383393
0.00013894,0.00013894,0.00013894,1.2185972663818134
0.00030425,0.00030425,0.00030425,1.2492843024429057
0.00018828,0.00018828,0.00018828,1.2332972694128648
0.12477071,0.12477071,0.12477071,1.1871168921083062
0.00135137,0.00135137,0.00135137,1.2275274220750683
0.34430963,0.34430963,0.34430963,1.1738960711913837
0.00000578,0.00000578,0.00000578,1.2440933538638868
0.00114029,0.00114029,0.00114029,1.2459274794367154
0.00481866,0.00481866,0.00481866,1.2466432336803535
0.00080982,0.00080982,0.00080982,1.2408121603549354
0.00147035,0.00147035,0.00147035,1.2191228970332386
0.00000137,0.00000137,0.00000137,1.3657777416767526e-06
0.04713209,0.04713209,0.04713209,1.2489142737651737
0.00070209,0.00070209,0.00070209,1.2407376782177608
0.00193868,0.00193868,0.00193868,1.2541609086580714
0.00029615,0.00029615,0.00029615,1.1823269394716547
0.00288365,0.00288365,0.00288365,1.2658096863484836
0.00000036,0.00000036,0.00000036,3.5688308986850194e-07
0.00010465,0.00010465,0.00010465,1.2266419535010915
0.00067530,0.00067530,0.00067530,1.219083568777796
0.01406826,0.01406826,0.01406826,1.2065101385196102
0.00587311,0.00587311,0.00587311,1.2589086180209579
0.00187209,0.00187209,0.00187209,1.2210652537224131
0.01864105,0.01864105,0.01864105,1.2269981425985896
0.04664939,0.04664939,0.04664939,1.0024841969195206
0.00054442,0.00054442,0.00054442,1.2404664955453153
0.00041962,0.00041962,0.00041962,1.2485904298106483
0.05435176,0.05435176,0.05435176,1.2196625368724017
0.00037501,0.00037501,0.00037501,1.25083753075739
0.00005447,0.00005447,0.00005447,1.2096270738022636
0.00031042,0.00031042,0.00031042,1.2454727018590905
0.00004192,0.00004192,0.00004192,1.2326190071493022
0.00122739,0.00122739,0.00122739,1.2404298774871096
0.00078972,0.00078972,0.00078972,1.2531627327373673
0.12316974,0.12316974,0.12316974,1.212213933829033
0.00162485,0.00162485,0.00162485,1.220565600286807
0.00142477,0.00142477,0.00142477,1.2226302559977276
0.17823666,0.17823666,0.17823666,1.2647697356783454
0.00465701,0.00465701,0.00465701,1.2082673744858237
0.00000343,0.00000343,0.00000343,1.2546789633535398
0.00098017,0.00098017,0.00098017,1.2150170411874
0.00002371,0.00002371,0.00002371,1.23335069726732
0.00012374,0.00012374,0.00012374,1.2497354478458629
0.00362467,0.00362467,0.00362467,1.3729854243938453
0.50550455,0.50550455,0.50550455,0.9151042289353579
0.00000615,0.00000615,0.00000615,1.2263654343547103
0.00004013,0.00004013,0.00004013,1.2241165815811086
0.00011157,0.00011157,0.00011157,1.2617000670452365
0.00999764,0.00999764,0.00999764,1.1967396361523421
0.77556356,0.77556356,0.77556356,1.1544655477641508
0.15512828,0.15512828,0.15512828,0.7527317355629425
0.00559784,0.00559784,0.00559784,1.2292183086861606
0.01442455,0.01442455,0.01442455,1.2516981648250172
0.00455172,0.00455172,0.00455172,1.2188899925968752
0.24023662,0.24023662,0.24023662,1.1926529851438925
0.00000011,0.00000011,0.00000011,1.0540484702181139e-07
0.00679504,0.00679504,0.00679504,1.1885838239219837
0.00029390,0.00029390,0.00029390,1.24463810270342
0.00003125,0.00003125,0.00003125,1.2381903312879334
0.00395993,0.00395993,0.00395993,1.2143585092916953
0.00088246,0.00088246,0.00088246,1.2233528518971726
0.00000078,0.00000078,0.00000078,7.783572085532051e-07
0.33006598,0.33006598,0.33006598,1.1729839646908882
0.01321995,0.01321995,0.01321995,1.2450324034403701
0.00004138,0.00004138,0.00004138,1.2547362072160115
0.01252851,0.01252851,0.01252851,1.2465581908506649
0.01000222,0.01000222,0.01000222,1.2429387422977918
0.00558615,0.00558615,0.00558615,1.1393969009450984
0.02380268,0.02380268,0.02380268,1.2644582997200435
0.00000783,0.00000783,0.00000783,1.2175280748429618
0.00174869,0.00174869,0.00174869,1.223606007228857
0.00107662,0.00107662,0.00107662,1.240613804856822
0.76302572,0.76302572,0.76302572,1.0837261725638632
0.00000040,0.00000040,0.00000040,4.0181539525539256e-07
0.00000047,0.00000047,0.00000047,4.7005007877696783e-07
0.01423383,0.01423383,0.01423383,1.224019661162577
0.00006879,0.00006879,0.00006879,1.2464666940434341
0.00227765,0.00227765,0.00227765,1.228286240190313
0.00586092,0.00586092,0.00586092,1.183394907271633
0.00208388,0.00208388,0.00208388,1.2281177632350568
0.00092494,0.00092494,0.00092494,1.231482028783112
0.00000010,0.00000010,0.00000010,9.854874654223174e-08
0.00009712,0.00009712,0.00009712,1.2320920989178492
0.00889743,0.00889743,0.00889743,1.2439184645972874
0.00000016,0.00000016,0.00000016,1.5838817485893312e-07
0.33411824,0.33411824,0.33411824,1.231057992199322
0.00070231,0.00070231,0.00070231,1.2325667538736946
0.00000746,0.00000746,0.00000746,1.2418211253570168
0.00005100,0.00005100,0.00005100,1.2349457324702224
0.06168515,0.06168515,0.06168515,1.2589999585041105
0.11940581,0.11940581,0.11940581,1.2031255902166325
0.54619277,0.54619277,0.54619277,1.2504899875384428
0.10170351,0.10170351,0.10170351,1.2493266518948276
0.00052803,0.00052803,0.00052803,1.2169853633829628
0.00420253,0.00420253,0.00420253,1.2204212851179754
0.04031320,0.04031320,0.04031320,1.2200492066044928
0.01882249,0.01882249,0.01882249,1.2413031078009555
0.00060567,0.00060567,0.00060567,1.2360302583383194
0.00026106,0.00026106,0.00026106,1.2360304806161106
0.04856381,0.04856381,0.04856381,1.211773828625803
0.00002744,0.00002744,0.00002744,1.2648999220321584
0.00093675,0.00093675,0.00093675,1.2239445566249576
0.05025109,0.05025109,0.05025109,1.2500902363444213
0.02553024,0.02553024,0.02553024,1.22720082603314
0.00008867,0.00008867,0.00008867,1.2600284560060502
0.00159699,0.00159699,0.00159699,1.23972895431069
0.20798626,0.20798626,0.20798626,1.2168789770621096
0.00000015,0.00000015,0.00000015,1.4955015109033694e-07
0.00007307,0.00007307,0.00007307,1.2385247187062463
0.00000112,0.00000112,0.00000112,1.1163556964271136e-06
0.00012436,0.00012436,0.00012436,1.2126026126713467
0.00075077,0.00075077,0.00075077,1.2483349392131544
0.00083331,0.00083331,0.00083331,1.241862511977201
0.02198353,0.02198353,0.02198353,1.2087041418661821
0.00303675,0.00303675,0.00303675,1.2423391406774287
0.00000058,0.00000058,0.00000058,5.818221173541677e-07
0.00033079,0.00033079,0.00033079,1.2185314306463257
0.18907869,0.18907869,0.18907869,1.20832559036696
0.04834681,0.04834681,0.04834681,1.2402701301995263
0.00927314,0.00927314,0.00927314,1.2459406982659884
0.00000028,0.00000028,0.00000028,2.848630021751524e-07
0.00383058,0.00383058,0.00383058,1.248067795170891
0.01671356,0.01671356,0.01671356,1.2211899674753721
0.00146810,0.00146810,0.00146810,1.2402602333470296
0.00709742,0.00709742,0.00709742,0.8228751192146366
0.00223148,0.00223148,0.00223148,1.2278875494999149
0.00392386,0.00392386,0.00392386,1.2222727270363771
0.01069806,0.01069806,0.01069806,1.223595818846187
0.00502404,0.00502404,0.00502404,1.2360927151321366
0.00074230,0.00074230,0.00074230,1.1907411150625737
0.16203427,0.16203427,0.16203427,1.2238920462563097
0.00000391,0.00000391,0.00000391,3.913694429509807e-06
0.03881205,0.03881205,0.03881205,1.2657344783055477
0.00466534,0.00466534,0.00466534,1.2284438689390635
0.00835495,0.00835495,0.00835495,1.2444856101639294
0.04388036,0.04388036,0.04388036,1.2605863693459498
0.41815135,0.41815135,0.41815135,1.2324262532145762
0.10069193,0.10069193,0.10069193,0.5382885735299895
0.04411950,0.04411950,0.04411950,1.1969660029796028
0.00065005,0.00065005,0.00065005,1.230035079622332
0.35741036,0.35741036,0.35741036,1.2607801302638717
0.69465348,0.69465348,0.69465348,1.2155792313225477
0.01198526,0.01198526,0.01198526,1.2420453892854608
0.02121991,0.02121991,0.02121991,1.2430740777070035
0.00140543,0.00140543,0.00140543,1.2535302249005817
0.00066415,0.00066415,0.00066415,1.2229882615228003
0.01218165,0.01218165,0.01218165,1.2421265676187985
0.00004258,0.00004258,0.00004258,1.2281044152476939
0.52586587,0.52586587,0.52586587,0.6113578376947938
0.00956433,0.00956433,0.00956433,1.2031330354816934
0.00149485,0.00149485,0.00149485,1.2327819270656528
0.00675052,0.00675052,0.00675052,1.2201695098267604
0.04042240,0.04042240,0.04042240,1.2117348326366606
0.04322240,0.04322240,0.04322240,1.2296343741141815
0.06959661,0.06959661,0.06959661,1.2557569955135017
0.00000010,0.00000010,0.00000010,1.0397610388452609e-07
0.67282800,0.67282800,0.67282800,1.1089164341580386
0.03268025,0.03268025,0.03268025,0.9912865773093898
0.00072432,0.00072432,0.00072432,1.2652831049092192
0.08241892,0.08241892,0.08241892,1.2609792050855257
0.00511784,0.00511784,0.00511784,1.2508728130883675
0.00292747,0.00292747,0.00292747,1.243633739125304
0.00061902,0.00061902,0.00061902,1.2339292337832737
0.04710240,0.04710240,0.04710240,1.2218931903299886
0.00093056,0.00093056,0.00093056,1.2429236923981681
0.00000390,0.00000390,0.00000390,7.13412362146903e-06
0.00275366,0.00275366,0.00275366,1.2384099283328485
0.00005374,0.00005374,0.00005374,1.2604343248779064
0.00315097,0.00315097,0.00315097,1.2142805703016215
0.00000039,0.00000039,0.00000039,3.8991367144085355e-07
0.02823825,0.02823825,0.02823825,1.2428752824535827
0.00431932,0.00431932,0.00431932,1.0962835954997572
0.13267508,0.13267508,0.13267508,0.8137419142126671
0.00022736,0.00022736,0.00022736,1.2537648787737614
0.00001517,0.00001517,0.00001517,1.2440707436246348
0.00015064,0.00015064,0.00015064,1.2270749655460524
0.04209213,0.04209213,0.04209213,1.2195739642169874
0.00329992,0.00329992,0.00329992,1.2201142113913126
0.00002094,0.00002094,0.00002094,1.232732467682585
0.15203513,0.15203513,0.15203513,1.2236487885480936
0.00000000,0.00000000,0.00000000,1.7670500257588064e-12
0.00002003,0.00002003,0.00002003,1.222916017345312
0.42596790,0.42596790,0.42596790,1.2250245332353933
0.00019291,0.00019291,0.00019291,1.2239295487556452
0.01866285,0.01866285,0.01866285,1.2316536743555884
0.00101116,0.00101116,0.00101116,1.235931877260063
0.33803548,0.33803548,0.33803548,1.1969397395069359
0.01685605,0.01685605,0.01685605,1.264616644718964
0.04672908,0.04672908,0.04672908,1.247227133419267
0.00000324,0.00000324,0.00000324,1.2164105914349463
0.00001814,0.00001814,0.00001814,1.2204491583615877
0.00019550,0.00019550,0.00019550,1.2460845723125127
0.14911010,0.14911010,0.14911010,0.9677471457358969
0.00000904,0.00000904,0.00000904,1.2469404597620666
0.47687081,0.47687081,0.47687081,1.2185502393275127
0.02400764,0.02400764,0.02400764,1.2307498184511516
0.00002397,0.00002397,0.00002397,1.242691774605162
0.00000723,0.00000723,0.00000723,1.2511739390869938
0.01776708,0.01776708,0.01776708,1.2364328155997268
0.24489077,0.24489077,0.24489077,1.3249584493677702
0.00071932,0.00071932,0.00071932,1.200213994499107
0.05619812,0.05619812,0.05619812,1.2151124111457627
0.00008134,0.00008134,0.00008134,1.2199394167167716
0.00013195,0.00013195,0.00013195,1.229581432216026
0.35520213,0.35520213,0.35520213,1.18678938626282
0.11280388,0.11280388,0.11280388,1.2323392276598704
0.00000224,0.00000224,0.00000224,1.2564815938721017
0.00641705,0.00641705,0.00641705,1.2324478838165391
0.00130314,0.00130314,0.00130314,1.2335264150113714
0.07426510,0.07426510,0.07426510,1.2101291999348909
0.27984999,0.27984999,0.27984999,1.2367915173296926
0.45763471,0.45763471,0.45763471,1.255716378796693
0.03378753,0.03378753,0.03378753,1.211093778367054
0.00392133,0.00392133,0.00392133,1.1531010578208074
0.04807928,0.04807928,0.04807928,1.2228882282050044
0.00605919,0.00605919,0.00605919,1.2318498217102722
0.00332408,0.00332408,0.00332408,1.2521951177383803
0.00928004,0.00928004,0.00928004,1.2202969685892833
0.00001789,0.00001789,0.00001789,1.2234135804265827
0.00038345,0.00038345,0.00038345,1.2563702628528675
0.24830013,0.24830013,0.24830013,1.2403936098047275
0.00108015,0.00108015,0.00108015,1.2104810796249557
0.00000571,0.00000571,0.00000571,1.260274972466
0.00002080,0.00002080,0.00002080,1.2494228279729471
0.00008203,0.00008203,0.00008203,1.2507408340226824
0.00028789,0.00028789,0.00028789,1.2136355642069652
0.20580510,0.20580510,0.20580510,1.2240224689884778
0.00151833,0.00151833,0.00151833,1.1810428506893142
0.00127019,0.00127019,0.00127019,1.2422749530233435
0.00001695,0.00001695,0.00001695,1.2075108228176985
0.00014589,0.00014589,0.00014589,1.2340882321844608
0.00024706,0.00024706,0.00024706,1.2198954942661802
0.00108455,0.00108455,0.00108455,1.252312189026602
0.00137564,0.00137564,0.00137564,1.2603870967617172
0.00003949,0.00003949,0.00003949,1.2288889547170734
0.00522632,0.00522632,0.00522632,1.2145200874073665
0.00007151,0.00007151,0.00007151,1.2416223893428877
0.00029684,0.00029684,0.00029684,1.245493802391973
0.00615144,0.00615144,0.00615144,1.2344844333117115
0.04999812,0.04999812,0.04999812,1.246918658712171
0.10550259,0.10550259,0.10550259,1.2133508760611558
0.00000035,0.00000035,0.00000035,3.550082329476129e-07
0.53061966,0.53061966,0.53061966,1.2063683634770046
0.00051852,0.00051852,0.00051852,1.245846627174044
0.09092653,0.09092653,0.09092653,1.2408446682578735
0.00003201,0.00003201,0.00003201,1.2399753310956492
0.00113999,0.00113999,0.00113999,1.211014092063224
0.00000172,0.00000172,0.00000172,1.7225846488918323e-06
0.05416319,0.05416319,0.05416319,0.7195230505239538
0.12438717,0.12438717,0.12438717,1.221325608185371
0.03741987,0.03741987,0.03741987,1.2231648304970517
0.00436848,0.00436848,0.00436848,1.2426116811991874
0.07501700,0.07501700,0.07501700,1.2220406916966526
0.06163721,0.06163721,0.06163721,1.106041292407155
0.00625158,0.00625158,0.00625158,1.2305020271299654
0.00306261,0.00306261,0.00306261,1.2313675381010567
0.00211510,0.00211510,0.00211510,1.241960824098745
0.05993744,0.05993744,0.05993744,1.2332400842122244
0.00032779,0.00032779,0.00032779,1.2221577869950238
0.01274919,0.01274919,0.01274919,1.2429047515240763
0.02358724,0.02358724,0.02358724,1.2354785072030174
0.00039563,0.00039563,0.00039563,1.2111393518729319
0.15672377,0.15672377,0.15672377,1.194010370116046
0.05939517,0.05939517,0.05939517,1.2332488927719032
0.00840947,0.00840947,0.00840947,1.2612035326030062
0.02264858,0.02264858,0.02264858,1.2493021351232392
0.00301459,0.00301459,0.00301459,1.248893282474456
0.01201447,0.01201447,0.01201447,1.2316270380599834
0.00030791,0.00030791,0.00030791,1.2216254340529198
0.00003226,0.00003226,0.00003226,1.219465598287153
0.00009325,0.00009325,0.00009325,1.2466401322761005
0.04068001,0.04068001,0.04068001,1.1988001018894443
0.14788893,0.14788893,0.14788893,1.2401811850474818
0.02015482,0.02015482,0.02015482,1.2475474788613448
0.00022237,0.00022237,0.00022237,1.2394186450426403
0.31715936,0.31715936,0.31715936,1.2315448067295667
0.00004117,0.00004117,0.00004117,1.243644341491392
0.06330854,0.06330854,0.06330854,1.1585800875873342
0.07074646,0.07074646,0.07074646,1.2441496077169913
0.00006350,0.00006350,0.00006350,1.229602777861567
0.00476652,0.00476652,0.00476652,1.2120191037388084
0.25422651,0.25422651,0.25422651,1.1018823258396617
0.00764016,0.00764016,0.00764016,1.2410757395212904
0.00037337,0.00037337,0.00037337,1.2501970542394125
0.01139808,0.01139808,0.01139808,1.182318400379427
0.00007116,0.00007116,0.00007116,1.2154673662930273
0.00047322,0.00047322,0.00047322,1.2438731948382051
0.00028891,0.00028891,0.00028891,1.2300565360699314
0.00000078,0.00000078,0.00000078,7.784380402836916e-07
0.00470887,0.00470887,0.00470887,1.2299141219721592
0.01074764,0.01074764,0.01074764,1.2541271247060546
0.99301850,0.99301850,0.99301850,1.1926059892229828
0.25443131,0.25443131,0.25443131,1.2206041133393213
0.00232357,0.00232357,0.00232357,1.209274649084242
0.00051485,0.00051485,0.00051485,1.2507785806573362
0.02362052,0.02362052,0.02362052,1.2312823227521332
0.00000000,0.00000000,0.00000000,1.6635489206303264e-09
0.48310170,0.48310170,0.48310170,1.2038740690314145
0.04443508,0.04443508,0.04443508,1.2465738231074042
0.19847109,0.19847109,0.19847109,0.6315405029335028
0.00001146,0.00001146,0.00001146,1.2394311240456637
0.00042599,0.00042599,0.00042599,1.2399545608201
0.13008007,0.13008007,0.13008007,1.21803022209009
0.03114565,0.03114565,0.03114565,1.2085520704441655
